<?xml version="1.0"?>
<!DOCTYPE hibernate-mapping PUBLIC "-//Hibernate/Hibernate Mapping DTD 3.0//EN"
"http://hibernate.sourceforge.net/hibernate-mapping-3.0.dtd">
<!-- Generated 22 Oct, 2018 4:36:09 PM by Hibernate Tools 3.5.0.Final -->
<hibernate-mapping>
    <class name="com.bean.Student" table="STUDENT_HIBERNATE">
        <id name="id" type="int">
            <column name="ID" />
            <generator class="increment" />
        </id>
        <property name="fname" type="java.lang.String">
            <column name="FNAME" />
        </property>
        <property name="lname" type="java.lang.String">
            <column name="LNAME" />
        </property>
        <property name="email" type="java.lang.String">
            <column name="EMAIL" />
        </property>
    </class>
</hibernate-mapping>
