<?xml version="1.0"?>
<!DOCTYPE hibernate-mapping PUBLIC "-//Hibernate/Hibernate Mapping DTD 3.0//EN"
"http://hibernate.sourceforge.net/hibernate-mapping-3.0.dtd">
<!-- Generated Jul 11, 2017 4:05:27 AM by Hibernate Tools 3.4.0.CR1 -->
<hibernate-mapping>
    <class name="com.spring.Person" table="PERSON">
        <id name="pid" type="int">
            <column name="PID" />
            <generator class="increment" />
        </id>
        <property name="pname" type="java.lang.String">
            <column name="PNAME" />
        </property>
        <property name="paddress" type="java.lang.String">
            <column name="PADDRESS" />
        </property>
    </class>
</hibernate-mapping>
